Accuracy,Precision,Recall,F1,TN,FP,FN,TP
0.9004579871,0.2129653968,0.6263466334,0.3178559451,19002,1856,300,502
