Accuracy,Precision,Recall,F1,TN,FP,FN,TP
0.706271362,0.9106368892,0.7239228886,0.8066158195,362,232,902,2366
